{"stats":{"minecraft:mined":{"minecraft:grass":1,"minecraft:oak_log":1,"minecraft:oak_leaves":1},"minecraft:picked_up":{"minecraft:oak_log":1},"minecraft:used":{"minecraft:oak_log":1},"minecraft:custom":{"minecraft:jump":15,"minecraft:time_since_rest":1203,"minecraft:leave_game":1,"minecraft:sprint_one_cm":66,"minecraft:play_time":1203,"minecraft:damage_taken":20,"minecraft:time_since_death":1203,"minecraft:walk_one_cm":2338,"minecraft:total_world_time":1203,"minecraft:fall_one_cm":404,"minecraft:fly_one_cm":423}},"DataVersion":3465}